[
  {
    "label": "喵语言",
    "name": "com.msgbyte.miaolang",
    "url": "/plugins/com.msgbyte.miaolang/index.js",
    "version": "0.0.0",
    "author": "msgbyte",
    "description": "为聊天提供喵语言对话功能",
    "documentUrl": "/plugins/com.msgbyte.miaolang/README.md",
    "requireRestart": false
  },
  {
    "label": "Miku初音未来主题",
    "name": "com.msgbyte.theme.miku",
    "url": "/plugins/com.msgbyte.theme.miku/index.js",
    "version": "0.0.0",
    "author": "msgbyte",
    "description": "初音未来主题",
    "requireRestart": false
  },
  {
    "label": "原神主题",
    "name": "com.msgbyte.theme.genshin",
    "url": "/plugins/com.msgbyte.theme.genshin/index.js",
    "icon": "/plugins/com.msgbyte.theme.genshin/assets/icon.jpg",
    "version": "0.0.0",
    "author": "msgbyte",
    "description": "原神主题",
    "requireRestart": false
  },
  {
    "label": "绘图插件",
    "name": "com.msgbyte.draw",
    "url": "/plugins/com.msgbyte.draw/index.js",
    "version": "0.0.0",
    "author": "msgbyte",
    "description": "允许发送自定义绘图",
    "requireRestart": false
  },
  {
    "label": "原神工具箱",
    "name": "com.msgbyte.genshin",
    "url": "/plugins/com.msgbyte.genshin/index.js",
    "version": "0.0.0",
    "author": "msgbyte",
    "description": "为Tailchat增加原神相关的娱乐能力",
    "requireRestart": true
  },
  {
    "label": "隔空投送",
    "name": "com.msgbyte.snapdrop",
    "url": "/plugins/com.msgbyte.snapdrop/index.js",
    "version": "0.0.0",
    "author": "msgbyte",
    "description": "隔空投送 —— 在同一网络发送文件与消息",
    "documentUrl": "/plugins/com.msgbyte.webview/README.md",
    "requireRestart": true
  }
]
